mfv.testing.aa03+0001@moneyforward.vn,mfvaa@123,UR57YGUZDCQ7DPXESUVVFERDJ7CWEMFR,47999,perf01-office1
mfv.testing.aa03+0002@moneyforward.vn,mfvaa@123,374NWVZGS5HB5UPKAGFKOYON5MKBYT3Z,48003,perf02-office1
mfv.testing.aa03+0003@moneyforward.vn,mfvaa@123,PWCK63GW3FTD3O7PAMZGBL5IIYOANQ56,48007,perf03-office1
mfv.testing.aa03+0004@moneyforward.vn,mfvaa@123,VQSU2YGJ64O6PNFW5ZVQPEGBKAWAGYW5,48010,perf04-office1
mfv.testing.aa03+0005@moneyforward.vn,mfvaa@123,O66RKBMTXSB2NSGOJKDX2LSW7T2SOGHI,48012,perf05-office1
mfv.testing.aa03+0006@moneyforward.vn,mfvaa@123,P6RRSFCZHJK72AGN63NESKNYBLBG2RCM,79944,perf06-office1
mfv.testing.aa03+0007@moneyforward.vn,mfvaa@123,3LYAQT6R3VEII6DR6VIOFLZZOTOY72XK,48020,perf07-office1
mfv.testing.aa03+0008@moneyforward.vn,mfvaa@123,RMIWHQOBE4MJ5O2QKDYDGEGO4VLEEZAK,48021,perf08-office1
mfv.testing.aa03+0010@moneyforward.vn,mfvaa@123,66XGHQDQUU3CCPJOVMRBTI5PTPEDYI4J,48024,perf10-office1
